data_pregao,codigo_bdi,codigo_negociacao,tipo_mercado,nome_empresa,especificacao_papel,moeda,preco_abertura,preco_maximo,preco_minimo,preco_medio,preco_ultimo,preco_melhor_oferta_compra,preco_melhor_oferta_venda,numero_negocios,quantidade_total,volume_total
20030212,02,VALE3,010,VALE R DOCE,ON,R$,105.01,105.01,102.5,103.68,103.21,103.21,104.38,142,69500,7206414.0
20030212,02,VALE5,010,VALE R DOCE,PNA,R$,100.0,100.8,98.2,99.18,98.2,97.01,98.2,306,230500,22861390.0
20030212,96,TMCP4F,020,TELEMIG PART,PN *,R$,2.43,2.51,2.42,2.43,2.51,2.42,2.52,13,377522,921.05
20030212,02,RPSA4,010,RIPASA,PN      N1,R$,1.3,1.33,1.28,1.3,1.33,1.29,1.33,38,603000,786800.0
20030212,02,SULT4,010,SULTEPA,PN,R$,0.31,0.31,0.3,0.3,0.3,0.28,0.3,7,17000,5170.0
20030212,02,CBEE3,010,CERJ,ON *I02,R$,0.24,0.24,0.24,0.24,0.24,0.24,0.27,8,52000000,12480.0
20030212,02,ELPL4,010,ELETROPAULO,PN *,R$,22.89,23.49,22.5,22.97,22.5,22.5,23.0,205,64360000,1478386.9
20030212,02,SLED4,010,SARAIVA LIVR,PN,R$,8.84,8.84,8.84,8.84,8.84,8.7,9.4,1,442200,3909048.0
20030212,02,ITSA4,010,ITAUSA,PN      N1,R$,1.9,1.91,1.86,1.88,1.89,1.89,1.91,177,1918000,3624050.0
20030212,96,TBLE3F,020,TRACTEBEL,ON *,R$,3.45,3.45,3.2,3.2,3.2,3.2,3.38,7,48943,156.6
20030212,96,SBSP3F,020,SABESP,ON *    NM,R$,84.54,90.0,84.54,86.48,90.0,89.2,90.0,31,96513,8376.45
20030212,02,ARTE4,010,KUALA,PN *,R$,10.02,10.02,10.01,10.01,10.01,10.01,10.99,2,30000,300.4
20030212,02,ITSA3,010,ITAUSA,ON      N1,R$,3.32,3.32,3.32,3.32,3.32,3.29,0.0,2,5000,16600.0
20030212,02,ROMI4,010,INDS ROMI,PN *,R$,29.4,29.4,29.3,29.36,29.3,29.4,30.4,2,800000,23490.0
20030212,02,RIPI4,010,IPIRANGA REF,PN *,R$,4.35,4.35,4.35,4.35,4.35,4.3,4.55,1,1600000,6960.0
20030212,02,UGPA3,010,ULTRAPAR,ON *,R$,20.0,20.0,20.0,20.0,20.0,18.0,21.0,1,100000,2000.0
20030212,02,DURA4,010,DURATEX,PN *,R$,49.0,49.0,48.2,48.91,48.9,48.1,48.95,14,11700000,572285.0
20030212,02,FFTL4,010,FOSFERTIL,PN *,R$,9.85,9.85,9.7,9.71,9.75,9.7,9.8,9,13600000,132133.0
20030212,02,POMO4,010,MARCOPOLO,PN      N2,R$,3.9,4.0,3.9,3.9,3.98,3.93,3.98,31,47000,183407.0
20030212,02,UNIP6,010,UNIPAR,PNB,R$,1.01,1.01,0.99,0.99,1.0,0.99,1.0,52,662000,659950.0
20030212,02,EMBR4,010,EMBRAER,PN,R$,11.29,11.35,11.09,11.19,11.35,11.3,11.35,282,616500,6901440.0
20030212,02,EMBR3,010,EMBRAER,ON,R$,10.12,10.12,9.7,9.86,9.7,9.7,9.9,134,168100,1658933.0
20030212,02,TLPP4,010,TELESP,PN *,R$,30.8,31.98,29.9,31.35,30.75,30.75,31.0,160,137800000,4320354.0
20030212,02,TLPP3,010,TELESP,ON *,R$,22.6,23.5,22.6,22.95,23.5,23.5,23.99,43,25100000,576049.0
20030212,02,FJTA4,010,FORJA TAURUS,PN *,R$,1.71,1.71,1.67,1.69,1.67,1.65,1.68,9,19700000,33366.0
20030212,96,CSTB4F,020,SID TUBARAO,PN *,R$,42.0,44.0,42.0,43.12,43.5,43.5,43.9,34,827777,35697.7
20030212,02,CSTB4,010,SID TUBARAO,PN *,R$,42.0,44.12,42.0,43.52,43.46,43.46,43.89,208,122700000,5341028.0
20030212,02,CRTP5,010,CRT CELULAR,PNA*,R$,325.0,329.0,320.52,322.58,324.0,322.0,324.0,155,6468000,2086479.42
20030212,02,RNPT3,010,RENNER PART,ON *,R$,5.02,5.02,5.02,5.02,5.02,0.0,0.0,1,28600000,143572.0
20030212,02,TSEP4,010,TELE SUDESTE,PN *,R$,6.33,6.41,6.33,6.36,6.41,6.21,6.41,6,2200000,14004.0
20030212,02,TSEP3,010,TELE SUDESTE,ON *,R$,5.0,5.02,4.96,4.99,5.02,4.96,5.02,17,4600000,22988.0
20030212,02,TRPL4,010,TRAN PAULIST,PN *    N1,R$,5.25,5.33,5.12,5.25,5.21,5.21,5.29,74,71400000,374931.0
20030212,02,BMTO4,010,BRASMOTOR,PN *,R$,150.0,159.98,150.0,150.23,150.0,142.01,150.0,8,1050000,157749.7
20030212,02,EBTP4,010,EMBRATEL PAR,PN *,R$,3.13,3.15,3.05,3.1,3.08,3.08,3.09,740,3006400000,9334082.0
20030212,02,CRUZ3,010,SOUZA CRUZ,ON,R$,18.2,18.55,18.1,18.29,18.5,18.37,18.5,209,344200,6298868.0
20030212,02,CMIG4,010,CEMIG,PN *    N1,R$,24.75,24.9,24.31,24.57,24.31,24.31,24.5,327,408000000,10025640.0
20030212,02,CMIG3,010,CEMIG,ON *    N1,R$,20.8,21.8,20.52,21.06,21.1,20.58,21.1,49,24600000,518158.0
20030212,02,TRPL3,010,TRAN PAULIST,ON *    N1,R$,5.0,5.04,4.9,4.96,4.9,5.04,5.1,10,13600000,67585.0
20030212,02,GOAU4,010,GERDAU MET,PN *,R$,51.0,53.5,51.0,52.45,53.15,53.18,53.4,92,93800000,4920288.0
20030212,02,GGBR4,010,GERDAU,PN *    N1,R$,29.9,32.2,29.9,31.36,31.5,31.5,32.19,372,331600000,10399787.0
20030212,02,BELG4,010,BELGO MINEIR,PN *,R$,423.99,425.0,415.0,419.38,425.0,420.0,425.0,17,420000,176140.5
20030212,02,BELG3,010,BELGO MINEIR,ON *,R$,375.01,375.01,375.0,375.0,375.01,375.01,380.0,5,90000,33750.3
20030212,02,MAGS5,010,MAGNESITA,PNA*,R$,4.19,4.19,4.17,4.17,4.17,4.16,4.17,6,12700000,52973.0
20030212,02,JBDU4,010,J B DUARTE,PN *,R$,0.11,0.13,0.11,0.11,0.13,0.09,0.13,4,4800000,537.0
20030212,02,TPRC6,010,TELEPAR CL,PNB*,R$,63.0,65.0,63.0,64.15,65.0,62.8,65.0,7,120000,7698.7
20030212,02,RAPT4,010,RANDON PART,PN *    N1,R$,1.05,1.09,1.04,1.04,1.06,1.05,1.09,14,335200000,351818.0
20030212,02,SAPR4,010,SANEPAR,PN,R$,1.4,1.44,1.4,1.42,1.44,1.4,1.45,3,4000,5680.0
20030212,02,CEEB3,010,COELBA,ON *,R$,41.51,42.0,41.51,41.55,42.0,41.5,42.0,2,1200000,49861.0
20030212,02,JBDU3,010,J B DUARTE,ON *,R$,0.15,0.15,0.14,0.14,0.14,0.14,0.2,2,1700000,248.0
20030212,02,GGBR3,010,GERDAU,ON *    N1,R$,24.0,24.0,24.0,24.0,24.0,24.0,25.0,1,500000,12000.0
20030212,02,PQUN4,010,PETROQ UNIAO,PN,R$,6.6,6.6,6.6,6.6,6.6,6.35,0.0,3,24000,158400.0
20030212,02,CNFB4,010,CONFAB,PN,R$,3.79,3.79,3.65,3.7,3.69,3.66,3.7,46,222000,823320.0
20030212,02,PLTO5,010,POLITENO,PNA*,R$,2.99,2.99,2.99,2.99,2.99,2.5,2.97,1,1400000,4186.0
20030212,02,EBCO4,010,EMBRACO,PN,R$,1.51,1.51,1.51,1.51,1.51,1.52,1.6,2,5000,7550.0
20030212,10,BBDC2,010,BRADESCO,DIR*PRE N1,R$,2.1,2.3,2.1,2.17,2.25,2.25,2.27,115,368300000,800490.0
20030212,96,BBDC1F,020,BRADESCO,DIR*ORD N1,R$,0.65,0.71,0.61,0.66,0.61,0.0,0.61,22,568507,373.02
20030212,10,BBDC1,010,BRADESCO,DIR*ORD N1,R$,0.65,0.8,0.65,0.74,0.7,0.7,0.9,30,93300000,69336.0
20030212,02,ROMI3,010,INDS ROMI,ON *,R$,26.73,26.73,26.73,26.73,26.73,27.0,30.0,1,100000,2673.0
20030212,14,UBBR11,010,UNIBANCO,UNT*    N1,R$,82.2,84.6,82.0,83.29,83.5,83.5,84.5,34,17800000,1482699.0
20030212,02,UBBR4,010,UNIBANCO,PN *    N1,R$,34.4,34.5,33.7,33.97,34.0,33.3,33.99,7,1100000,37380.0
20030212,14,TEFC11,010,TELEFONICA,BDR,R$,34.0,34.0,34.0,34.0,34.0,33.5,34.5,1,100,3400.0
20030212,02,BRGE11,010,ALFA CONSORC,PNE,R$,1.91,1.91,1.9,1.9,1.9,1.72,0.0,2,2000,3810.0
20030212,02,ITAU3,010,ITAUBANCO,ON *EJ  N1,R$,150.0,150.0,150.0,150.0,150.0,150.01,152.0,1,10000,1500.0
20030212,02,ITAU4,010,ITAUBANCO,PN *EJ  N1,R$,157.3,161.3,157.3,159.92,160.0,160.0,161.2,340,82240000,13152511.5
20030212,02,RPAD6,010,ALFA HOLDING,PNB,R$,1.55,1.55,1.55,1.55,1.55,1.53,0.0,2,3000,4650.0
20030212,02,BBDC4,010,BRADESCO,PN *EJ  N1,R$,9.75,9.89,9.67,9.79,9.8,9.8,9.86,602,2112100000,20692944.0
20030212,02,BBDC3,010,BRADESCO,ON *EJ  N1,R$,8.4,8.5,8.35,8.4,8.35,8.3,8.35,48,58800000,494011.0
20030212,96,PETR4F,020,PETROBRAS,PN,R$,46.5,47.05,46.0,46.47,47.05,46.81,47.1,71,2217,103039.28
20030212,02,BMCT4,010,MERC S PAULO,PN *ED,R$,115.0,115.0,115.0,115.0,115.0,92.02,114.0,1,150000,17250.0
20030212,02,BRTO4,010,BRASIL TELEC,PN *EJ  N1,R$,10.0,10.08,9.8,9.89,9.8,9.8,9.85,393,2074400000,20531009.0
20030212,02,BRTO3,010,BRASIL TELEC,ON *EJ  N1,R$,9.7,9.7,9.51,9.62,9.51,9.51,0.0,3,500000,4812.0
20030212,02,BRTP4,010,BRASIL T PAR,PN *EJ  N1,R$,17.1,17.54,17.0,17.33,17.21,17.21,17.43,271,454000000,7871223.0
20030212,02,BRTP3,010,BRASIL T PAR,ON *EJ  N1,R$,13.2,13.31,12.5,13.21,12.5,12.5,14.0,156,184300000,2436033.0
20030212,02,RCTB42,010,TELES RCTB,R42*EJ,R$,61.6,61.8,60.7,61.38,61.3,0.0,0.0,11,1100000,67525.0
20030212,02,SDIA4,010,SADIA S/A,PN  EJ  N1,R$,1.19,1.21,1.19,1.19,1.19,1.19,1.21,66,1055000,1260690.0
20030212,96,AMBV3F,020,AMBEV,ON *,R$,420.0,431.0,420.0,430.36,431.0,420.0,450.0,4,8798,3786.33
20030212,02,AMBV3,010,AMBEV,ON *,R$,431.0,431.0,431.0,431.0,431.0,431.0,460.0,1,210000,90510.0
20030212,96,ALPA4F,020,ALPARGATAS,PN *,R$,112.0,112.0,112.0,112.0,112.0,110.0,128.0,1,686,76.83
20030212,96,AELP3F,020,AES ELPA,ON *,R$,2.93,3.1,2.93,2.99,2.93,2.93,3.0,8,137196,410.94
20030212,02,AELP3,010,AES ELPA,ON *,R$,3.0,3.0,3.0,3.0,3.0,2.96,3.15,1,5000000,15000.0
20030212,96,ACES4F,020,ACESITA,PN *,R$,0.99,1.01,0.98,0.99,1.01,1.0,1.02,19,379681,379.13
20030212,02,ACES4,010,ACESITA,PN *,R$,0.98,1.02,0.98,1.0,1.02,1.01,1.02,367,4789800000,4798410.0
20030212,96,ACES3F,020,ACESITA,ON *,R$,1.02,1.02,1.02,1.02,1.02,0.83,1.02,1,4,0.0
20030212,02,ACES3,010,ACESITA,ON *,R$,0.81,0.84,0.81,0.81,0.84,0.83,0.84,20,119700000,97871.0
20030212,96,ARCZ6F,020,ARACRUZ,PNB     N1,R$,6.8,7.05,6.8,6.97,7.05,7.0,7.11,9,2441,17022.2
20030212,02,ARCZ6,010,ARACRUZ,PNB     N1,R$,6.94,7.19,6.88,6.99,7.04,7.04,7.14,103,303000,2119270.0
20030212,96,AMBV4F,020,AMBEV,PN *,R$,478.0,490.0,476.0,479.5,479.8,479.8,495.0,18,56988,27326.21
20030212,02,AMBV4,010,AMBEV,PN *,R$,481.0,484.9,477.98,479.97,479.1,479.1,495.0,173,18400000,8831561.6
20030212,02,ASTA4,010,SANTISTEXTIL,PN *,R$,330.0,330.0,330.0,330.0,330.0,325.0,335.0,3,130000,42900.0
20030212,02,BDLL4,010,BARDELLA,PN,R$,43.2,43.2,42.01,43.18,42.01,42.01,42.9,6,229,9888.42
20030212,02,BCAL6,010,BIC CALOI,PNB*,R$,0.06,0.07,0.06,0.06,0.07,0.06,0.07,3,40000000,2500.0
20030212,96,BBDC2F,020,BRADESCO,DIR*PRE N1,R$,2.05,2.31,2.03,2.13,2.2,2.2,2.25,112,2659309,5696.87
20030212,96,BBDC4F,020,BRADESCO,PN *EJ  N1,R$,9.51,9.98,9.51,9.78,9.98,9.8,10.0,89,1732669,16948.31
20030212,96,BBDC3F,020,BRADESCO,ON *EJ  N1,R$,8.3,8.6,8.3,8.38,8.6,8.2,8.6,17,239115,2005.42
20030212,96,BBAS13F,020,BRASIL,BNS*C,R$,0.87,0.9,0.87,0.88,0.89,0.87,1.0,6,168394,148.52
20030212,22,BBAS13,010,BRASIL,BNS*C,R$,0.88,0.9,0.88,0.88,0.88,0.88,0.9,7,5700000,5066.0
20030212,96,BBAS12F,020,BRASIL,BNS*B,R$,0.57,0.57,0.56,0.56,0.57,0.56,0.99,8,274957,156.25
20030212,22,BBAS12,010,BRASIL,BNS*B,R$,0.58,0.58,0.57,0.57,0.57,0.56,0.59,7,3400000,1948.0
20030212,96,BBAS3F,020,BRASIL,ON *ED,R$,9.89,9.9,9.6,9.67,9.72,9.41,9.73,40,826452,7993.61
20030212,02,BBAS3,010,BRASIL,ON *ED,R$,9.58,9.78,9.58,9.67,9.63,9.63,9.7,329,444600000,4299709.0
20030212,02,BAZA3,010,AMAZONIA,ON *,R$,160.0,160.0,160.0,160.0,160.0,158.0,165.0,2,50000,8000.0
20030212,96,BESP4F,020,BANESPA,PN *,R$,180.0,185.0,180.0,181.25,185.0,180.0,185.0,2,1869,338.76
20030212,02,BESP4,010,BANESPA,PN *,R$,185.0,185.0,185.0,185.0,185.0,185.0,188.99,1,40000,7400.0
20030212,96,BESP3F,020,BANESPA,ON *,R$,175.0,185.0,175.0,176.87,185.0,175.0,185.0,2,4491,794.33
20030212,02,BESP3,010,BANESPA,ON *,R$,185.0,185.0,185.0,185.0,185.0,171.1,199.0,2,20000,3700.0
20030212,96,BELG4F,020,BELGO MINEIR,PN *,R$,415.0,422.0,415.0,415.36,422.0,422.0,424.0,7,19082,7926.03
20030212,96,BELG3F,020,BELGO MINEIR,ON *,R$,367.01,375.0,367.01,371.0,375.0,367.1,0.0,2,13392,4968.49
20030212,02,BIOM4,010,BIOMM,PN,R$,0.65,0.65,0.65,0.65,0.65,0.6,0.7,2,4000,2600.0
20030212,96,BRAP4F,020,BRADESPAR,PN *    N1,R$,0.67,0.69,0.66,0.67,0.67,0.66,0.67,33,1198865,803.94
20030212,02,BRAP4,010,BRADESPAR,PN *    N1,R$,0.67,0.69,0.67,0.67,0.67,0.67,0.68,231,3674000000,2485212.0
20030212,96,BRAP3F,020,BRADESPAR,ON *    N1,R$,0.57,0.59,0.56,0.56,0.59,0.56,0.59,10,247021,140.24
20030212,02,BRAP3,010,BRADESPAR,ON *    N1,R$,0.57,0.59,0.57,0.57,0.58,0.58,0.59,30,895700000,514787.0
20030212,96,BOBR4F,020,BOMBRIL,PN *,R$,6.5,6.5,5.91,5.97,6.0,5.9,0.0,5,117470,702.35
20030212,02,BOBR4,010,BOMBRIL,PN *,R$,6.03,6.04,5.91,6.01,6.0,5.91,6.0,67,100000000,601011.0
20030212,02,BNBR4,010,NORD BRASIL,PN *,R$,1.0,1.02,1.0,1.01,1.02,0.5,2.0,2,6000000,6118.0
20030212,96,BRTO4F,020,BRASIL TELEC,PN *EJ  N1,R$,9.98,10.0,9.81,9.9,9.88,9.88,10.14,33,730683,7240.35
20030212,96,BRTO3F,020,BRASIL TELEC,ON *EJ  N1,R$,9.75,9.75,9.4,9.62,9.4,9.4,10.0,12,339341,3266.87
20030212,96,BRKM5F,020,BRASKEM,PNA*,R$,170.0,170.0,169.5,169.7,169.5,167.01,170.95,4,5143,872.81
20030212,02,BRKM5,010,BRASKEM,PNA*,R$,172.0,173.99,166.0,168.62,168.0,168.0,168.6,75,4150000,699802.3
20030212,96,BRIV3F,020,ALFA INVEST,ON,R$,3.4,3.4,3.4,3.4,3.4,3.4,0.0,1,444,1509.6
20030212,96,BRGE12F,020,ALFA CONSORC,PNF,R$,1.75,1.75,1.75,1.75,1.75,1.75,0.0,1,792,1386.0
20030212,96,BRGE11F,020,ALFA CONSORC,PNE,R$,1.81,1.81,1.81,1.81,1.81,1.8,0.0,1,800,1448.0
20030212,96,BRGE8F,020,ALFA CONSORC,PND,R$,1.7,1.7,1.7,1.7,1.7,1.7,0.0,1,18,30.6
20030212,96,BRGE6F,020,ALFA CONSORC,PNB,R$,1.76,1.77,1.76,1.76,1.76,1.75,0.0,3,920,1622.8
20030212,02,BSUL6,010,BAHIA SUL,PNB*,R$,330.0,330.0,330.0,330.0,330.0,0.0,0.0,1,110000,36300.0
20030212,96,BRTP4F,020,BRASIL T PAR,PN *EJ  N1,R$,17.12,17.6,17.12,17.29,17.33,17.16,17.78,26,623782,10777.79
20030212,96,BRTP3F,020,BRASIL T PAR,ON *EJ  N1,R$,12.2,13.3,12.2,12.94,12.9,12.8,13.25,28,806970,10445.29
20030212,02,CCRO3,010,CCR RODOVIAS,ON      NM,R$,7.41,7.41,7.3,7.4,7.3,7.11,7.4,5,34000,251600.0
20030212,96,CEPE6F,020,CELPE,PNB*,R$,5.5,5.5,5.5,5.5,5.5,5.0,0.0,1,50000,275.0
20030212,02,CEPE6,010,CELPE,PNB*,R$,5.75,5.75,5.75,5.75,5.75,5.75,0.0,2,1400000,8050.0
20030212,02,CEPE5,010,CELPE,PNA*,R$,5.7,5.7,5.7,5.7,5.7,5.7,6.29,1,1000000,5700.0
20030212,02,CEBR6,010,CEB,PNB*,R$,8.75,8.8,8.75,8.76,8.8,8.75,15.39,3,410000,3595.5
20030212,02,CEBR5,010,CEB,PNA*,R$,20.5,20.5,20.5,20.5,20.5,18.0,20.0,1,200000,4100.0
20030212,96,CHAP4F,020,CHAPECO,PN,R$,0.21,0.25,0.21,0.21,0.25,0.21,0.25,2,1043,221.43
20030212,02,CHAP4,010,CHAPECO,PN,R$,0.25,0.25,0.25,0.25,0.25,0.25,0.31,1,1000,250.0
20030212,96,CHAP3F,020,CHAPECO,ON,R$,0.21,0.21,0.21,0.21,0.21,0.23,0.25,1,13,2.73
20030212,02,CHAP3,010,CHAPECO,ON,R$,0.24,0.24,0.24,0.24,0.24,0.24,0.25,2,5000,1200.0
20030212,96,CGAS5F,020,COMGAS,PNA*,R$,44.0,44.0,43.5,43.89,43.5,43.5,49.0,10,20417,896.11
20030212,02,CGAS5,010,COMGAS,PNA*,R$,44.4,45.4,43.23,44.18,44.02,44.02,44.89,88,13690000,604850.3
20030212,96,CESP4F,020,CESP,PN *,R$,6.06,6.36,6.06,6.19,6.36,6.29,6.81,6,183612,1137.08
20030212,02,CESP4,010,CESP,PN *,R$,6.45,6.45,6.26,6.35,6.26,6.25,6.26,103,125500000,797427.0
20030212,02,CESP3,010,CESP,ON *,R$,6.09,6.09,6.0,6.03,6.09,5.86,6.1,4,36500000,220395.0
20030212,96,CMIG4F,020,CEMIG,PN *    N1,R$,24.8,24.89,24.07,24.48,24.07,24.4,24.6,28,644000,15763.54
20030212,96,CMIG3F,020,CEMIG,ON *    N1,R$,20.9,21.1,20.8,20.91,21.1,20.9,21.8,4,105734,2211.78
20030212,96,CMET4F,020,CAEMI METAL,PN *,R$,490.0,535.0,490.0,520.67,510.0,490.02,535.0,9,10008,5210.92
20030212,02,CMET4,010,CAEMI METAL,PN *,R$,510.0,519.99,500.0,507.38,505.0,500.02,509.0,39,10820000,5489953.4
20030212,96,CLSC6F,020,CELESC,PNB     N2,R$,0.47,0.47,0.47,0.47,0.47,0.47,0.5,6,1201,564.47
20030212,02,CLSC6,010,CELESC,PNB     N2,R$,0.47,0.48,0.47,0.47,0.48,0.47,0.48,58,847000,402970.0
20030212,96,CPFG3F,020,CPFL GERACAO,ON *,R$,3.0,3.0,3.0,3.0,3.0,2.83,0.0,1,60000,180.0
20030212,02,CPFG3,010,CPFL GERACAO,ON *,R$,3.02,3.02,3.0,3.0,3.01,3.01,4.9,5,4000000,12035.0
20030212,96,CPCA4F,020,TRIKEM,PN *,R$,4.5,4.5,4.5,4.5,4.5,4.0,9.5,1,5214,23.46
20030212,02,COCE5,010,COELCE,PNA*,R$,2.81,2.9,2.8,2.8,2.9,2.61,2.8,3,3500000,9828.0
20030212,96,CNFB4F,020,CONFAB,PN,R$,3.72,3.75,3.72,3.74,3.75,3.75,3.8,2,379,1418.88
20030212,96,CPLE6F,020,COPEL,PNB*,R$,7.63,7.9,7.63,7.78,7.9,7.66,8.19,9,337040,2625.06
20030212,02,CPLE6,010,COPEL,PNB*,R$,7.7,7.91,7.65,7.78,7.71,7.71,7.85,219,378100000,2944077.0
20030212,96,CPLE3F,020,COPEL,ON *,R$,6.4,6.4,6.4,6.4,6.4,6.4,7.0,1,60000,384.0
20030212,02,CPLE3,010,COPEL,ON *,R$,6.54,6.6,6.4,6.51,6.6,6.6,6.84,10,17300000,112750.0
20030212,96,CPFP3F,020,CPFL PIRATIN,ON *,R$,16.5,16.5,16.5,16.5,16.5,16.5,0.0,1,5334,88.01
20030212,02,CSPC4,010,COSIPA,PN,R$,0.33,0.33,0.31,0.32,0.32,0.31,0.33,7,740000,243500.0
20030212,96,CSNA3F,020,SID NACIONAL,ON *,R$,64.6,66.2,64.0,65.03,64.0,64.0,65.4,43,1170451,76119.87
20030212,02,CSNA3,010,SID NACIONAL,ON *,R$,64.6,66.4,63.8,65.19,63.8,63.8,64.1,363,232900000,15184906.0
20030212,96,CRUZ3F,020,SOUZA CRUZ,ON,R$,18.2,18.72,18.0,18.24,18.72,18.45,18.72,20,361,6586.13
20030212,96,CRTP5F,020,CRT CELULAR,PNA*,R$,310.0,320.0,310.0,311.36,320.0,280.0,320.0,5,2031,632.37
20030212,96,CRTP3F,020,CRT CELULAR,ON *,R$,290.0,290.0,290.0,290.0,290.0,265.0,310.0,2,233,67.57
20030212,96,CRIV4F,020,ALFA FINANC,PN,R$,1.2,1.2,1.2,1.2,1.2,1.15,0.0,1,400,480.0
20030212,96,CTNM4F,020,COTEMINAS,PN *,R$,211.99,211.99,210.0,210.24,210.0,206.0,218.0,2,5360,1126.91
20030212,02,CTNM4,010,COTEMINAS,PN *,R$,218.0,218.0,205.0,209.97,208.11,208.11,211.0,83,20730000,4352850.3
20030212,96,CSPC4F,020,COSIPA,PN,R$,0.33,0.33,0.31,0.31,0.31,0.3,0.33,4,8000,2550.0
20030212,96,DPPI4F,020,IPIRANGA DIS,PN *,R$,18.0,18.0,18.0,18.0,18.0,18.0,0.0,2,50000,900.0
20030212,96,EBTP4F,020,EMBRATEL PAR,PN *,R$,3.1,3.12,3.01,3.09,3.12,3.01,3.14,37,679498,2100.51
20030212,96,EBTP3F,020,EMBRATEL PAR,ON *,R$,3.66,3.85,3.56,3.62,3.64,3.65,4.18,27,800783,2903.45
20030212,02,EBTP3,010,EMBRATEL PAR,ON *,R$,3.68,3.73,3.58,3.62,3.63,3.63,3.68,163,319900000,1159516.0
20030212,96,DURA4F,020,DURATEX,PN *,R$,46.0,47.2,46.0,46.06,47.2,47.2,50.0,4,152476,7105.64
20030212,96,ELET3F,020,ELETROBRAS,ON *,R$,17.99,18.3,17.99,18.01,18.3,17.9,18.6,5,204103,3676.99
20030212,02,ELET3,010,ELETROBRAS,ON *,R$,18.2,18.59,17.99,18.17,18.12,18.12,18.3,228,248500000,4515878.0
20030212,96,EKTR4F,020,ELEKTRO,PN *,R$,2.0,2.0,2.0,2.0,2.0,2.0,0.0,5,52132,104.26
20030212,02,EKTR4,010,ELEKTRO,PN *,R$,2.6,2.6,2.6,2.6,2.6,2.6,2.8,1,1500000,3900.0
20030212,96,EMBR4F,020,EMBRAER,PN,R$,11.16,11.3,11.1,11.15,11.1,11.3,11.95,23,679,7577.44
20030212,96,EMBR3F,020,EMBRAER,ON,R$,10.15,10.15,9.81,9.89,9.9,9.82,10.14,11,345,3414.02
20030212,96,EMAE4F,020,EMAE,PN *,R$,5.35,5.35,5.35,5.35,5.35,5.11,5.8,1,897,4.79
20030212,02,EMAE4,010,EMAE,PN *,R$,5.35,5.35,5.3,5.34,5.3,5.01,5.35,7,5200000,27815.0
20030212,96,ELPL4F,020,ELETROPAULO,PN *,R$,23.2,23.2,22.65,22.92,23.05,22.82,23.99,15,45549,1042.96
20030212,96,ELET6F,020,ELETROBRAS,PNB*,R$,18.7,18.95,18.45,18.71,18.85,18.8,18.95,30,810580,15168.59
20030212,02,ELET6,010,ELETROBRAS,PNB*,R$,18.75,19.0,18.35,18.71,18.9,18.9,19.0,592,709400000,13277065.0
20030212,96,ETER3F,020,ETERNIT,ON *,R$,280.0,280.0,280.0,280.0,280.0,250.0,0.0,1,800,224.0
20030212,02,ESTR4,010,ESTRELA,PN,R$,0.71,0.76,0.71,0.72,0.75,0.75,0.85,12,43000,30970.0
20030212,96,FFTL4F,020,FOSFERTIL,PN *,R$,10.0,10.0,9.65,9.9,9.65,9.7,9.9,6,100000,990.06
20030212,02,FESA4,010,FERBASA,PN *,R$,151.0,152.0,151.0,151.23,152.0,152.0,158.5,2,170000,25710.0
20030212,96,FNOR11F,020,FINOR,CI *,R$,1.15,1.34,1.15,1.24,1.34,1.15,1.34,4,934,1.14
20030212,14,FNOR11,010,FINOR,CI *,R$,1.28,1.35,1.28,1.32,1.35,1.31,1.4,13,39562000,52578.14
20030212,96,FNAM11F,020,FINAM,CI *,R$,0.15,0.15,0.11,0.13,0.11,0.11,0.15,2,804,0.1
20030212,14,FNAM11,010,FINAM,CI *,R$,0.13,0.13,0.12,0.12,0.12,0.12,0.13,5,40180000,4847.98
20030212,02,FLCL6,010,F CATAGUAZES,PNB*,R$,0.7,0.7,0.7,0.7,0.7,0.51,0.77,1,1000000,700.0
20030212,02,FLCL5,010,F CATAGUAZES,PNA*,R$,1.2,1.2,1.2,1.2,1.2,1.11,1.23,1,100000,120.0
20030212,96,GOAU4F,020,GERDAU MET,PN *,R$,53.13,53.13,52.0,52.41,53.13,53.13,57.0,13,143367,7515.24
20030212,96,GGBR4F,020,GERDAU,PN *    N1,R$,29.91,32.2,29.1,31.46,32.0,32.0,32.5,29,591493,18619.16
20030212,96,GGBR3F,020,GERDAU,ON *    N1,R$,22.0,23.0,22.0,22.16,23.0,23.0,0.0,3,62952,1395.08
20030212,02,GUAR4,010,GUARARAPES,PN,R$,5.7,5.7,5.7,5.7,5.7,5.5,6.8,2,600,3420.0
20030212,02,IGBR5,010,GRADIENTE,PNA,R$,7.01,7.01,7.0,7.0,7.0,6.9,7.05,2,4000,28020.0
20030212,96,IENG5F,020,IENERGIA,PNA,R$,0.17,0.17,0.16,0.16,0.16,0.16,0.23,3,370,59.21
20030212,02,IDNT3,010,IDEIASNET,ON,R$,0.32,0.32,0.32,0.32,0.32,0.27,0.32,2,3100,992.0
20030212,96,ICPI4F,020,CIM ITAU,PN *,R$,500.0,500.0,500.0,500.0,500.0,470.0,0.0,1,3900,1950.0
20030212,96,ICPI3F,020,CIM ITAU,ON *,R$,420.0,420.0,420.0,420.0,420.0,420.0,0.0,2,5300,2226.0
20030212,02,IBOV11,010,IBOVESPA,IBO,R$,10527.0,10527.0,10527.0,10527.0,10527.0,0.0,0.0,34,11400,120007800.0
20030212,96,HGTX4F,020,CIA HERING,PN *    N1,R$,0.17,0.17,0.17,0.17,0.17,0.17,0.23,3,47852,8.13
20030212,96,ITAU3F,020,ITAUBANCO,ON *EJ  N1,R$,150.0,151.0,150.0,150.0,150.0,145.0,159.98,3,16676,2501.42
20030212,96,INEP4F,020,INEPAR,PN *,R$,0.54,0.54,0.48,0.48,0.49,0.49,0.5,8,104757,51.26
20030212,02,INEP4,010,INEPAR,PN *,R$,0.5,0.51,0.5,0.5,0.5,0.5,0.51,19,60900000,30695.0
20030212,96,ILMD4F,020,ADUBOS TREVO,PN *,R$,0.57,0.57,0.57,0.57,0.57,0.57,0.0,2,37314,21.25
20030212,96,IGUA6F,020,IGUACU CAFE,PNB,R$,3.0,3.0,2.9,2.97,2.9,2.65,3.0,3,831,2473.0
20030212,02,IGUA6,010,IGUACU CAFE,PNB,R$,2.9,2.9,2.9,2.9,2.9,2.0,0.0,7,44000,127600.0
20030212,96,IGUA5F,020,IGUACU CAFE,PNA,R$,3.0,3.0,3.0,3.0,3.0,2.5,0.0,1,7,21.0
20030212,02,IGUA5,010,IGUACU CAFE,PNA,R$,3.2,3.2,3.2,3.2,3.2,0.0,0.0,2,52000,166400.0
20030212,02,IGUA3,010,IGUACU CAFE,ON,R$,2.8,2.8,2.8,2.8,2.8,2.0,0.0,1,1000,2800.0
20030212,96,ITSA4F,020,ITAUSA,PN      N1,R$,1.9,1.93,1.86,1.89,1.91,1.89,1.93,25,6360,12032.66
20030212,96,ITSA3F,020,ITAUSA,ON      N1,R$,3.2,3.22,3.2,3.2,3.22,3.22,0.0,2,1426,4575.44
20030212,96,ITEC3F,020,ITAUTEC,ON,R$,2.7,2.7,2.7,2.7,2.7,2.7,2.95,1,16,43.2
20030212,96,ITAU4F,020,ITAUBANCO,PN *EJ  N1,R$,159.1,161.0,158.0,159.82,160.55,157.16,161.0,29,98746,15782.38
20030212,96,LAME4F,020,LOJAS AMERIC,PN *I02,R$,8.49,8.7,8.49,8.61,8.7,8.6,8.7,2,21169,182.32
20030212,02,LAME4,010,LOJAS AMERIC,PN *I02,R$,8.65,8.65,8.5,8.59,8.6,8.52,8.6,8,22100000,189865.0
20030212,96,KLBN4F,020,KLABIN S/A,PN      N1,R$,1.05,1.05,1.05,1.05,1.05,1.03,1.09,1,309,324.45
20030212,02,KLBN4,010,KLABIN S/A,PN      N1,R$,1.09,1.11,1.08,1.09,1.1,1.1,1.11,59,166000,181670.0
20030212,96,LIPR3F,020,LIGHTPAR,ON *,R$,1.25,1.25,1.25,1.25,1.25,1.02,3.0,3,10912,13.64
20030212,96,LIGH3F,020,LIGHT,ON *,R$,27.5,27.5,27.5,27.5,27.5,27.32,31.49,2,5711,157.05
20030212,02,LIGH3,010,LIGHT,ON *,R$,27.9,29.5,27.5,28.19,28.11,28.11,28.99,79,7750000,218498.9
20030212,58,MEND6,010,MENDES JR,PNB*,R$,50.0,51.0,50.0,50.94,51.0,47.52,52.0,2,530000,27000.0
20030212,96,MAGS5F,020,MAGNESITA,PNA*,R$,4.35,4.35,4.35,4.35,4.35,4.16,4.35,1,1,0.0
20030212,96,MNSA4F,020,MANASA,PN *,R$,0.5,0.5,0.5,0.5,0.5,0.5,0.0,2,22000,10.99
20030212,02,MNSA4,010,MANASA,PN *,R$,0.4,0.6,0.4,0.58,0.58,0.5,0.58,18,105800000,61810.0
20030212,96,MNSA3F,020,MANASA,ON *,R$,0.35,0.35,0.35,0.35,0.35,0.38,0.7,4,95000,33.23
20030212,02,MNSA3,010,MANASA,ON *,R$,0.55,0.55,0.4,0.43,0.4,0.41,1.0,3,500000,215.0
20030212,02,MNPR4,010,MINUPAR,PN *,R$,0.07,0.07,0.07,0.07,0.07,0.06,0.08,1,5000000,350.0
20030212,96,MGEL4F,020,MANGELS INDL,PN *,R$,2.28,2.28,2.28,2.28,2.28,1.99,2.28,1,2,0.0
20030212,96,MEND6F,020,MENDES JR,PNB*,R$,45.0,45.0,45.0,45.0,45.0,45.0,56.99,1,300,13.5
20030212,02,MTSA4,010,METISA,PN *,R$,36.98,36.98,36.98,36.98,36.98,34.0,36.99,1,100000,3698.0
20030212,96,MSAN4F,020,BUNGE BRASIL,PN,R$,1.7,1.7,1.7,1.7,1.7,1.66,1.89,1,109,185.3
20030212,02,MSAN4,010,BUNGE BRASIL,PN,R$,1.76,1.76,1.7,1.74,1.76,1.76,1.78,6,26000,45320.0
20030212,96,MSAN3F,020,BUNGE BRASIL,ON,R$,1.85,1.85,1.73,1.79,1.73,1.73,1.82,4,814,1464.87
20030212,02,MSAN3,010,BUNGE BRASIL,ON,R$,1.79,1.79,1.78,1.78,1.78,1.75,1.83,3,3000,5350.0
20030212,02,PALF3,010,PAUL F LUZ,ON *,R$,51.0,51.0,51.0,51.0,51.0,50.01,52.5,1,10000,510.0
20030212,02,OSAO4,010,PLASCAR PART,PN *,R$,0.65,0.65,0.65,0.65,0.65,0.65,0.0,1,1400000,910.0
20030212,02,PETR3,010,PETROBRAS,ON,R$,50.89,51.8,50.5,51.3,51.59,51.59,52.0,258,283900,14565940.0
20030212,96,PCAR4F,020,P.ACUCAR-CBD,PN *,R$,46.7,50.0,46.4,47.63,47.5,47.2,49.9,6,17988,856.86
20030212,02,PCAR4,010,P.ACUCAR-CBD,PN *,R$,46.6,47.8,45.8,46.95,47.8,47.2,47.8,48,10260000,481781.2
20030212,02,PALF11,010,PAUL F LUZ,PRC*,R$,82.0,82.0,82.0,82.0,82.0,82.0,85.0,1,10000,820.0
20030212,02,PMAM4,010,PARANAPANEMA,PN *,R$,0.84,0.84,0.84,0.84,0.84,0.71,0.84,1,100000,84.0
20030212,02,PLTO6,010,POLITENO,PNB*,R$,5.0,5.0,4.86,4.86,4.86,4.39,5.0,2,3000000,14594.0
20030212,96,PLIM4F,020,NET,PN      N2,R$,0.31,0.31,0.3,0.3,0.3,0.3,0.31,11,459,140.57
20030212,02,PLIM4,010,NET,PN      N2,R$,0.31,0.32,0.3,0.3,0.3,0.3,0.31,309,8981000,2747427.0
20030212,02,PLDN4,010,POLIALDEN,PN *,R$,234.99,234.99,228.0,233.82,228.0,222.01,230.0,3,840000,196413.7
20030212,02,PETR4,010,PETROBRAS,PN,R$,46.7,47.1,45.9,46.62,46.85,46.8,46.85,796,1291300,60205887.0
20030212,96,PETR3F,020,PETROBRAS,ON,R$,50.77,51.7,50.5,51.05,51.65,51.01,51.7,36,1011,51624.33
20030212,96,PRGA4F,020,PERDIGAO S/A,PN      N1,R$,10.2,10.25,10.2,10.2,10.2,10.12,10.4,4,79,806.3
20030212,02,PRGA4,010,PERDIGAO S/A,PN      N1,R$,10.45,10.45,10.22,10.3,10.27,10.2,10.27,22,46200,476033.0
20030212,96,PQUN4F,020,PETROQ UNIAO,PN,R$,6.6,6.6,6.6,6.6,6.6,6.05,0.0,1,500,3300.0
20030212,96,POMO4F,020,MARCOPOLO,PN      N2,R$,3.89,3.89,3.62,3.74,3.62,3.5,4.06,4,68,254.89
20030212,96,PVFS4F,020,PEVE FINASA,PN *,R$,8.5,8.5,8.5,8.5,8.5,8.05,20.0,4,544,4.61
20030212,02,PTQS4,010,PETROQUISA,PN *,R$,101.0,101.0,101.0,101.0,101.0,100.9,102.0,4,90000,9086.0
20030212,96,PTIP4F,020,IPIRANGA PET,PN *,R$,6.8,6.8,6.75,6.78,6.75,6.75,7.05,2,9224,62.54
20030212,02,PTIP4,010,IPIRANGA PET,PN *,R$,7.05,7.1,6.86,7.01,6.86,6.85,7.13,56,23500000,164817.0
20030212,96,PTIP3F,020,IPIRANGA PET,ON *,R$,7.3,7.5,7.3,7.35,7.5,7.1,7.5,3,100000,735.08
20030212,96,RCTB31F,020,TELES RCTB,RON*EJ,R$,85.01,87.0,85.01,85.37,86.01,86.01,88.99,5,135893,11602.33
20030212,96,RPAD6F,020,ALFA HOLDING,PNB,R$,1.53,1.53,1.5,1.52,1.5,1.5,0.0,4,1149,1752.57
20030212,96,RNPT3F,020,RENNER PART,ON *,R$,5.02,5.02,5.02,5.02,5.02,3.5,0.0,1,31500,158.13
20030212,02,RHDS3,010,RHODIA-STER,ON,R$,0.08,0.08,0.08,0.08,0.08,0.07,0.08,2,2700000,216000.0
20030212,02,SBSP3,010,SABESP,ON *    NM,R$,85.2,89.1,84.02,87.54,89.0,88.51,89.0,439,110070000,9636285.5
20030212,96,SALM4F,020,SEARA ALM,PN *,R$,3.0,3.3,2.45,2.8,2.45,2.45,0.0,5,133876,375.84
20030212,02,SALM4,010,SEARA ALM,PN *,R$,2.9,2.9,2.9,2.9,2.9,2.7,2.9,1,100000,290.0
20030212,96,SALM3F,020,SEARA ALM,ON *,R$,2.4,2.4,2.4,2.4,2.4,2.3,0.0,3,103840,249.2
20030212,02,RSID3,010,ROSSI RESID,ON      N1,R$,0.26,0.26,0.22,0.23,0.24,0.21,0.24,16,179000,42000.0
20030212,96,RPSA4F,020,RIPASA,PN      N1,R$,1.29,1.29,1.26,1.28,1.26,1.26,1.31,4,522,668.92
20030212,96,SDIA4F,020,SADIA S/A,PN  EJ  N1,R$,1.22,1.22,1.18,1.19,1.18,1.17,1.18,8,1757,2101.76
20030212,02,SCAR3,010,SAO CARLOS,ON *,R$,8.0,8.0,8.0,8.0,8.0,8.0,8.49,2,1000000,8000.0
20030212,02,SUZA4,010,SUZANO,PN,R$,5.75,5.9,5.75,5.77,5.9,5.75,5.85,8,21000,121250.0
20030212,96,SLED4F,020,SARAIVA LIVR,PN,R$,8.84,8.84,8.84,8.84,8.84,8.7,9.5,1,70,618.8
20030212,02,TCOC4,010,TELE CTR OES,PN *,R$,4.32,4.4,4.2,4.28,4.22,4.22,4.24,389,1275700000,5462260.0
20030212,96,TCOC3F,020,TELE CTR OES,ON *,R$,11.75,11.9,11.75,11.79,11.85,11.76,12.0,11,420837,4961.89
20030212,02,TCOC3,010,TELE CTR OES,ON *,R$,11.9,11.9,11.86,11.89,11.9,11.9,12.0,11,53600000,637836.0
20030212,96,TBLE6F,020,TRACTEBEL,PNB*,R$,2.15,2.15,2.15,2.15,2.15,2.13,2.15,2,48000,103.19
20030212,02,TBLE3,010,TRACTEBEL,ON *,R$,3.25,3.3,3.22,3.24,3.23,3.23,3.25,48,61000000,197662.0
20030212,02,SZPQ4,010,SUZANO PETR,PN,R$,1.3,1.3,1.29,1.29,1.29,1.28,1.34,2,7000,9080.0
20030212,96,SUZA4F,020,SUZANO,PN,R$,5.7,6.0,5.7,5.79,6.0,5.55,6.0,4,1383,8015.31
20030212,96,TELB3F,020,TELEBRAS,ON *,R$,0.02,0.03,0.01,0.01,0.03,0.02,0.03,28,415751,4.5
20030212,02,TELB3,010,TELEBRAS,ON *,R$,0.01,0.01,0.01,0.01,0.01,0.01,0.02,5,2200000,22.0
20030212,96,TEFC11F,020,TELEFONICA,BDR,R$,33.6,33.6,33.4,33.53,33.4,33.0,34.95,4,127,4259.2
20030212,96,TDBH4F,020,TEF DATA BRA,PN *,R$,0.49,0.49,0.4,0.4,0.49,0.43,0.49,11,118434,47.33
20030212,02,TDBH4,010,TEF DATA BRA,PN *,R$,0.41,0.41,0.41,0.41,0.41,0.41,0.43,8,16500000,6765.0
20030212,96,TDBH3F,020,TEF DATA BRA,ON *,R$,0.37,0.38,0.37,0.37,0.37,0.37,1.0,15,402722,148.94
20030212,02,TDBH3,010,TEF DATA BRA,ON *,R$,0.37,0.37,0.37,0.37,0.37,0.37,0.43,7,12400000,4588.0
20030212,96,TCSL4F,020,TELE CL SUL,PN *,R$,2.3,2.37,2.3,2.32,2.37,2.33,2.49,15,422042,982.76
20030212,02,TCSL4,010,TELE CL SUL,PN *,R$,2.35,2.39,2.3,2.36,2.35,2.35,2.39,257,934100000,2210710.0
20030212,96,TCSL3F,020,TELE CL SUL,ON *,R$,1.64,1.66,1.64,1.65,1.66,1.68,1.7,23,714642,1179.85
20030212,02,TCSL3,010,TELE CL SUL,ON *,R$,1.67,1.7,1.65,1.67,1.67,1.67,1.69,91,184100000,308594.0
20030212,96,TCOC4F,020,TELE CTR OES,PN *,R$,4.3,4.35,4.2,4.26,4.23,4.23,4.65,28,587209,2505.86
20030212,02,TMAR5,010,TELEMAR N L,PNA*,R$,38.19,38.19,37.4,37.79,37.75,37.75,37.99,327,351300000,13278616.0
20030212,96,TLPP4F,020,TELESP,PN *,R$,30.0,32.0,30.0,31.23,30.8,30.05,31.0,21,394772,12331.95
20030212,96,TLPP3F,020,TELESP,ON *,R$,21.1,23.5,21.1,22.57,23.5,22.62,23.5,29,496584,11211.44
20030212,96,TLCP4F,020,TELE LEST CL,PN *,R$,0.39,0.4,0.39,0.39,0.4,0.42,0.49,14,309092,121.63
20030212,02,TLCP4,010,TELE LEST CL,PN *,R$,0.4,0.42,0.39,0.4,0.4,0.4,0.41,125,1580500000,638716.0
20030212,96,TLCP3F,020,TELE LEST CL,ON *,R$,0.45,0.45,0.44,0.44,0.44,0.44,0.0,17,421642,187.37
20030212,02,TLCP3,010,TELE LEST CL,ON *,R$,0.45,0.45,0.44,0.44,0.45,0.44,0.45,28,194700000,87604.0
20030212,96,TIBR5F,020,MILLENNIUM,PNA*,R$,46.0,46.0,46.0,46.0,46.0,42.0,50.0,1,45000,2070.0
20030212,96,TELB4F,020,TELEBRAS,PN *,R$,0.01,0.02,0.01,0.01,0.01,0.01,0.02,15,430524,4.43
20030212,02,TELB4,010,TELEBRAS,PN *,R$,0.01,0.01,0.01,0.01,0.01,0.01,0.02,3,256200000,2562.0
20030212,02,TNCP4,010,TELE NORT CL,PN *,R$,0.34,0.34,0.33,0.33,0.34,0.33,0.34,11,330400000,111643.0
20030212,96,TNCP3F,020,TELE NORT CL,ON *,R$,0.69,0.73,0.69,0.69,0.69,0.69,0.78,14,473415,327.81
20030212,02,TNCP3,010,TELE NORT CL,ON *,R$,0.7,0.7,0.65,0.67,0.68,0.68,0.69,7,2500000,1692.0
20030212,96,TMGC11F,020,TELEMIG CL,PNE*,R$,20.0,20.0,20.0,20.0,20.0,20.0,0.0,1,3000,60.0
20030212,02,TMCP4,010,TELEMIG PART,PN *,R$,2.52,2.52,2.46,2.49,2.46,2.46,2.47,336,1593100000,3969392.0
20030212,96,TMCP3F,020,TELEMIG PART,ON *,R$,3.67,4.09,3.67,3.81,3.81,3.81,4.0,22,513440,1958.08
20030212,02,TMCP3,010,TELEMIG PART,ON *,R$,4.0,4.38,3.85,3.99,3.88,3.88,3.98,34,19400000,77469.0
20030212,96,TMAR5F,020,TELEMAR N L,PNA*,R$,37.8,37.81,37.25,37.67,37.5,37.25,42.0,23,785423,29589.94
20030212,96,TPRC6F,020,TELEPAR CL,PNB*,R$,62.05,62.06,62.05,62.05,62.05,62.05,65.0,4,5621,348.77
20030212,96,TPRC3F,020,TELEPAR CL,ON *,R$,64.02,64.02,64.01,64.01,64.01,64.02,69.0,4,3183,203.74
20030212,02,TOYB5,010,TECTOY,PNA*,R$,0.03,0.03,0.03,0.03,0.03,0.02,0.03,1,1000000,30.0
20030212,96,TNLP4F,020,TELEMAR,PN *,R$,25.2,25.6,25.11,25.27,25.31,25.3,25.45,54,1241865,31385.9
20030212,02,TNLP4,010,TELEMAR,PN *,R$,25.4,25.55,25.1,25.32,25.31,25.31,25.5,1275,2739300000,69377328.0
20030212,96,TNLP3F,020,TELEMAR,ON *,R$,17.55,18.4,17.55,18.16,18.3,17.85,18.35,37,977506,17762.95
20030212,02,TNLP3,010,TELEMAR,ON *,R$,18.3,18.5,18.13,18.27,18.45,18.45,18.5,172,121300000,2216498.0
20030212,96,TNEP4F,020,TELE NORD CL,PN *,R$,2.27,2.52,2.27,2.4,2.47,2.35,2.48,10,225542,541.53
20030212,02,TNEP4,010,TELE NORD CL,PN *,R$,2.4,2.48,2.4,2.43,2.42,2.42,2.47,259,1022200000,2485317.0
20030212,96,TNEP3F,020,TELE NORD CL,ON *,R$,1.85,1.86,1.82,1.84,1.86,1.84,1.87,13,390433,720.33
20030212,02,TNEP3,010,TELE NORD CL,ON *,R$,1.87,1.9,1.85,1.87,1.9,1.88,1.9,5,3800000,7142.0
20030212,96,TNCP4F,020,TELE NORT CL,PN *,R$,0.33,0.35,0.33,0.33,0.33,0.35,0.39,15,295341,97.4
20030212,96,TSPP4F,020,TELESP CL PA,PN *,R$,3.4,3.5,3.37,3.43,3.41,3.4,3.5,48,874650,3005.18
20030212,02,TSPP4,010,TELESP CL PA,PN *,R$,3.45,3.49,3.38,3.44,3.46,3.46,3.47,737,4010200000,13828813.0
20030212,96,TSPP3F,020,TELESP CL PA,ON *,R$,3.13,3.7,3.13,3.46,3.48,3.48,3.69,22,407661,1413.12
20030212,02,TSPP3,010,TELESP CL PA,ON *,R$,3.45,3.5,3.45,3.49,3.45,3.45,3.57,11,7700000,26895.0
20030212,96,TSEP4F,020,TELE SUDESTE,PN *,R$,5.9,6.4,5.9,6.26,6.3,6.3,6.48,8,239968,1503.98
20030212,96,TSEP3F,020,TELE SUDESTE,ON *,R$,4.34,5.0,4.34,4.94,4.97,4.95,5.0,19,569190,2814.16
20030212,96,TRPL4F,020,TRAN PAULIST,PN *    N1,R$,5.09,5.3,5.09,5.17,5.2,5.11,5.8,10,295768,1531.8
20030212,02,USIM6,010,USIMINAS,PNB,R$,7.5,7.5,7.5,7.5,7.5,7.31,0.0,1,1000,7500.0
20030212,96,USIM5F,020,USIMINAS,PNA,R$,7.52,7.79,7.45,7.57,7.51,7.5,7.79,17,573,4339.16
20030212,02,USIM5,010,USIMINAS,PNA,R$,7.61,7.7,7.47,7.59,7.63,7.6,7.63,382,1084100,8235868.0
20030212,96,USIM3F,020,USIMINAS,ON,R$,6.55,6.55,5.31,6.39,5.31,5.31,6.45,2,57,364.67
20030212,02,USIM3,010,USIMINAS,ON,R$,6.65,6.7,6.55,6.65,6.7,6.4,6.8,4,800,5322.0
20030212,96,UNIP6F,020,UNIPAR,PNB,R$,0.98,1.02,0.98,1.0,1.0,0.99,1.0,6,1700,1700.0
20030212,02,UGPA4,010,ULTRAPAR,PN *,R$,24.3,24.4,24.0,24.21,24.3,24.01,24.3,18,30700000,743265.0
20030212,96,UBBR11F,020,UNIBANCO,UNT*    N1,R$,82.5,84.0,81.0,82.32,81.0,80.05,81.0,9,114952,9461.74
20030212,96,UBBR4F,020,UNIBANCO,PN *    N1,R$,33.49,34.0,32.01,33.63,33.5,33.5,34.5,9,128818,4333.17
20030212,96,UBBR3F,020,UNIBANCO,ON *    N1,R$,96.0,96.0,96.0,96.0,96.0,88.1,96.0,2,93888,9013.24
20030212,96,VCPA4F,020,V C P,PN *    N1,R$,129.0,132.5,125.0,128.5,132.5,130.0,132.0,9,17623,2264.57
20030212,02,VCPA4,010,V C P,PN *    N1,R$,130.75,134.98,130.75,132.28,132.13,132.13,132.98,185,80970000,10710885.7
20030212,96,VALE5F,020,VALE R DOCE,PNA,R$,100.39,100.6,98.41,99.71,98.41,98.4,99.8,48,739,73564.8
20030212,96,VALE3F,020,VALE R DOCE,ON,R$,105.01,105.01,102.0,103.65,103.2,100.51,103.2,54,1595,165301.91
20030212,96,VAGV4F,020,VARIG,PN      N1,R$,0.96,0.96,0.96,0.96,0.96,0.93,1.1,1,197,189.12
20030212,02,VAGV4,010,VARIG,PN      N1,R$,0.92,0.95,0.92,0.93,0.95,0.91,0.95,8,46000,42830.0
20030212,62,ACES4T,030,ACES,PN *,R$,1.01,1.03,1.01,1.02,1.03,0.0,0.0,6,340000000,348620.35
20030212,62,ACES4T,030,ACES,PN *,R$,1.05,1.05,1.04,1.04,1.04,0.0,0.0,2,10000000,10475.72
20030212,78,ACESB9,070,ACES,PN *,R$,0.2,0.21,0.2,0.2,0.21,0.21,0.23,7,10000000,2005.0
20030212,62,BBAS3T,030,BBAS,ON *ED,R$,9.79,9.8,9.79,9.79,9.79,0.0,0.0,6,9000000,88146.27
20030212,62,BBAS3T,030,BBAS,ON *ED,R$,10.05,10.06,10.05,10.05,10.06,0.0,0.0,2,3000000,30165.93
20030212,78,BBDCB31,070,BBDC,PN *    N1,R$,0.1,0.1,0.1,0.1,0.1,0.0,0.15,2,700000,70.0
20030212,38,BBDCB30E,012,BBDC,PN *    N1,R$,9.42,9.42,9.42,9.42,9.42,0.0,0.0,1,100000,942.0
20030212,62,BBDC4T,030,BBDC,PN *EJ  N1,R$,9.92,9.92,9.91,9.91,9.91,0.0,0.0,2,10000000,99186.75
20030212,62,BBDC4T,030,BBDC,PN *EJ  N1,R$,10.1,10.1,10.09,10.09,10.09,0.0,0.0,2,200000,2018.38
20030212,62,BDLL4T,030,BDLL,PN,R$,43.92,43.93,43.92,43.92,43.93,0.0,0.0,2,200,8784.85
20030212,62,BELG4T,030,BELG,PN *,R$,427.26,427.27,427.26,427.26,427.27,0.0,0.0,2,200000,85453.2
20030212,62,BNBR4T,030,BNBR,PN *,R$,1.05,1.06,1.03,1.05,1.03,0.0,0.0,4,6000000,6341.3
20030212,62,BOBR4T,030,BOBR,PN *,R$,6.25,6.26,6.22,6.24,6.23,0.0,0.0,6,20000000,124853.34
20030212,62,BRAP3T,030,BRAP,ON *    N1,R$,0.6,0.61,0.6,0.6,0.61,0.0,0.0,2,480200000,292681.42
20030212,62,BRAP4T,030,BRAP,PN *    N1,R$,0.69,0.7,0.69,0.69,0.7,0.0,0.0,2,50000000,34578.0
20030212,62,BRAP4T,030,BRAP,PN *    N1,R$,0.69,0.7,0.69,0.69,0.7,0.0,0.0,2,50000000,34918.0
20030212,62,BRAP4T,030,BRAP,PN *    N1,R$,0.71,0.71,0.7,0.7,0.7,0.0,0.0,2,20000000,14105.92
20030212,62,BRAP4T,030,BRAP,PN *    N1,R$,0.7,0.71,0.7,0.7,0.71,0.0,0.0,2,10000000,7058.4
20030212,62,BRAP4T,030,BRAP,PN *    N1,R$,0.72,0.72,0.71,0.71,0.71,0.0,0.0,2,5000000,3581.1
20030212,62,BRKM5T,030,BRKM,PNA*,R$,169.56,169.57,169.56,169.56,169.57,0.0,0.0,2,500000,84781.2
20030212,62,BRKM5T,030,BRKM,PNA*,R$,178.21,178.21,178.21,178.21,178.21,0.0,0.0,1,280000,49898.8
20030212,62,BRTO4T,030,BRTO,PN *EJ  N1,R$,9.96,9.97,9.96,9.96,9.97,0.0,0.0,2,22500000,224140.29
20030212,62,BRTO4T,030,BRTO,PN *EJ  N1,R$,10.18,10.22,10.05,10.14,10.06,0.0,0.0,11,34500000,350149.26
20030212,62,BRTO4T,030,BRTO,PN *EJ  N1,R$,10.41,10.42,10.26,10.26,10.42,0.0,0.0,6,1136100000,11665958.3
20030212,62,BRTO4T,030,BRTO,PN *EJ  N1,R$,10.62,10.62,10.61,10.61,10.61,0.0,0.0,2,1000000,10611.27
20030212,62,CCRO3T,030,CCRO,ON      NM,R$,7.81,7.82,7.81,7.81,7.82,0.0,0.0,2,30000,234526.5
20030212,62,CESP3T,030,CESP,ON *,R$,6.31,6.32,6.31,6.31,6.32,0.0,0.0,2,1000000,6319.58
20030212,62,CESP3T,030,CESP,ON *,R$,6.34,6.43,6.34,6.34,6.42,0.0,0.0,4,21500000,136383.39
20030212,62,CESP3T,030,CESP,ON *,R$,6.61,6.62,6.61,6.61,6.62,0.0,0.0,2,7000000,46304.7
20030212,62,CESP3T,030,CESP,ON *,R$,6.63,6.63,6.62,6.62,6.62,0.0,0.0,2,7000000,46343.06
20030212,62,CESP4T,030,CESP,PN *,R$,6.52,6.53,6.45,6.49,6.45,0.0,0.0,4,14000000,90988.44
20030212,62,CESP4T,030,CESP,PN *,R$,6.69,6.7,6.61,6.62,6.62,0.0,0.0,6,45500000,301547.11
20030212,62,CESP4T,030,CESP,PN *,R$,6.64,6.65,6.64,6.64,6.65,0.0,0.0,2,1000000,6649.65
20030212,62,CGAS5T,030,CGAS,PNA*,R$,45.45,45.46,45.45,45.45,45.46,0.0,0.0,2,600000,27273.2
20030212,62,CGAS5T,030,CGAS,PNA*,R$,46.08,46.09,46.08,46.08,46.09,0.0,0.0,2,1700000,78340.68
20030212,62,CLSC6T,030,CLSC,PNB     N2,R$,0.49,0.49,0.48,0.48,0.49,0.0,0.0,6,228000,110072.97
20030212,62,CLSC6T,030,CLSC,PNB     N2,R$,0.49,0.5,0.49,0.49,0.5,0.0,0.0,2,8000,3985.15
20030212,62,CLSC6T,030,CLSC,PNB     N2,R$,0.5,0.51,0.5,0.5,0.51,0.0,0.0,2,9000,4565.81
20030212,78,CLSCC1,070,CLSC,PNB     N2,R$,0.11,0.11,0.11,0.11,0.11,0.07,0.1,2,2000,220.0
20030212,78,CLSCC2,070,CLSC,PNB     N2,R$,0.03,0.03,0.03,0.03,0.03,0.0,0.02,2,2000,60.0
20030212,62,CMET4T,030,CMET,PN *,R$,527.61,527.62,527.61,527.61,527.62,0.0,0.0,2,5000000,2638098.0
20030212,62,CMIG4T,030,CMIG,PN *    N1,R$,26.1,26.11,26.1,26.1,26.11,0.0,0.0,2,1000000,26100.49
20030212,62,CNFB4T,030,CNFB,PN,R$,3.7,3.7,3.69,3.69,3.69,0.0,0.0,2,5000,18473.85
20030212,62,CNFB4T,030,CNFB,PN,R$,3.74,3.75,3.72,3.73,3.72,0.0,0.0,4,3000,11208.44
20030212,62,CNFB4T,030,CNFB,PN,R$,3.89,3.9,3.89,3.89,3.9,0.0,0.0,2,20000,77835.0
20030212,62,CNFB4T,030,CNFB,PN,R$,3.93,3.94,3.78,3.93,3.78,0.0,0.0,4,57000,224051.37
20030212,62,CNFB4T,030,CNFB,PN,R$,3.88,3.89,3.88,3.88,3.89,0.0,0.0,2,19000,73765.6
20030212,62,CPLE3T,030,CPLE,ON *,R$,6.65,6.66,6.65,6.65,6.66,0.0,0.0,2,1000000,6659.38
20030212,62,CPLE3T,030,CPLE,ON *,R$,6.64,6.65,6.64,6.64,6.65,0.0,0.0,2,10000000,66482.0
20030212,62,CPLE3T,030,CPLE,ON *,R$,6.78,6.79,6.78,6.78,6.79,0.0,0.0,2,5000000,33929.52
20030212,62,CPLE6T,030,CPLE,PNB*,R$,8.0,8.14,8.0,8.1,8.14,0.0,0.0,4,8000000,64824.06
20030212,62,CRUZ3T,030,CRUZ,ON,R$,18.62,18.79,18.44,18.62,18.79,0.0,0.0,8,10000,186234.78
20030212,62,CSPC4T,030,CSPC,PN,R$,0.33,0.34,0.33,0.33,0.34,0.0,0.0,2,410000,137640.69
20030212,62,CSPC4T,030,CSPC,PN,R$,0.34,0.35,0.34,0.34,0.35,0.0,0.0,2,270000,92459.07
20030212,62,EBTP3T,030,EBTP,ON *,R$,3.7,3.7,3.69,3.69,3.69,0.0,0.0,2,500000,1846.03
20030212,62,EBTP3T,030,EBTP,ON *,R$,3.79,3.79,3.78,3.78,3.78,0.0,0.0,2,500000,1893.98
20030212,62,EBTP4T,030,EBTP,PN *,R$,3.19,3.21,3.13,3.16,3.17,0.0,0.0,24,116500000,368896.39
20030212,62,EBTP4T,030,EBTP,PN *,R$,3.24,3.25,3.2,3.23,3.22,0.0,0.0,12,19100000,61732.09
20030212,62,EBTP4T,030,EBTP,PN *,R$,3.25,3.25,3.24,3.24,3.24,0.0,0.0,2,500000,1624.47
20030212,62,EBTP4T,030,EBTP,PN *,R$,3.21,3.22,3.21,3.21,3.22,0.0,0.0,2,1000000,3218.11
20030212,62,EBTP4T,030,EBTP,PN *,R$,3.31,3.31,3.25,3.29,3.26,0.0,0.0,4,13000000,42857.04
20030212,78,EBTPB8,070,EBTP,PN *,R$,0.7,0.7,0.7,0.7,0.7,0.65,0.8,5,6100000,4270.0
20030212,78,EBTPB10,070,EBTP,PN *,R$,0.34,0.34,0.28,0.29,0.3,0.25,0.35,20,92500000,27215.0
20030212,78,EBTPB14,070,EBTP,PN *,R$,0.13,0.14,0.05,0.05,0.05,0.02,0.05,9,65700000,3888.0
20030212,78,EBTPB19,070,EBTP,PN *,R$,0.02,0.02,0.02,0.02,0.02,0.01,0.02,3,11000000,220.0
20030212,78,EBTPC7,070,EBTP,PN *,R$,0.08,0.1,0.08,0.08,0.09,0.08,0.12,9,7600000,651.0
20030212,78,EBTPC24,070,EBTP,PN *,R$,0.25,0.25,0.24,0.24,0.24,0.2,0.29,4,2000000,495.0
20030212,78,EBTPC25,070,EBTP,PN *,R$,0.14,0.17,0.12,0.15,0.15,0.15,0.25,8,17000000,2690.0
20030212,62,ELET3T,030,ELET,ON *,R$,18.5,18.55,18.49,18.52,18.51,0.0,0.0,5,2400000,44462.75
20030212,62,ELET3T,030,ELET,ON *,R$,18.82,18.96,18.81,18.95,18.96,0.0,0.0,4,24400000,462535.35
20030212,62,ELET3T,030,ELET,ON *,R$,18.89,18.89,18.88,18.88,18.88,0.0,0.0,2,10000000,188879.6
20030212,62,ELET6T,030,ELET,PNB*,R$,18.85,19.33,18.85,18.96,19.32,0.0,0.0,6,18000000,341418.24
20030212,62,ELET6T,030,ELET,PNB*,R$,19.09,19.71,19.09,19.6,19.66,0.0,0.0,10,50300000,986129.15
20030212,62,ELET6T,030,ELET,PNB*,R$,19.88,19.89,19.88,19.88,19.89,0.0,0.0,2,2000000,39774.18
20030212,62,ELPL4T,030,ELPL,PN *,R$,23.32,23.49,23.32,23.35,23.49,0.0,0.0,4,3600000,84081.39
20030212,62,ELPL4T,030,ELPL,PN *,R$,23.47,23.48,23.47,23.47,23.48,0.0,0.0,2,2100000,49301.0
20030212,62,ELPL4T,030,ELPL,PN *,R$,23.85,23.86,23.73,23.75,23.74,0.0,0.0,6,11000000,261343.57
20030212,62,EMBR3T,030,EMBR,ON,R$,9.96,9.97,9.96,9.96,9.97,0.0,0.0,2,7100,70762.86
20030212,62,EMBR3T,030,EMBR,ON,R$,10.28,10.29,10.28,10.28,10.29,0.0,0.0,2,8000,82304.0
20030212,62,EMBR3T,030,EMBR,ON,R$,10.26,10.27,10.26,10.26,10.27,0.0,0.0,2,5000,51324.16
20030212,82,EMBRW1,080,EMBR,PN,R$,3.22,3.22,3.22,3.22,3.22,0.0,0.0,1,100,322.0
20030212,62,EMBR4T,030,EMBR,PN,R$,11.42,11.43,11.42,11.42,11.43,0.0,0.0,2,500,5713.85
20030212,62,EMBR4T,030,EMBR,PN,R$,11.58,11.59,11.58,11.58,11.59,0.0,0.0,2,14000,162241.97
20030212,62,EMBR4T,030,EMBR,PN,R$,11.67,11.68,11.67,11.67,11.68,0.0,0.0,2,1000,11677.5
20030212,62,EMBR4T,030,EMBR,PN,R$,11.87,11.87,11.86,11.86,11.86,0.0,0.0,2,2000,23727.64
20030212,78,EMBRD18,070,EMBR,PN,R$,0.05,0.05,0.05,0.05,0.05,0.0,0.0,1,100,5.0
20030212,82,EMBRP18,080,EMBR,PN,R$,3.75,3.75,3.75,3.75,3.75,0.0,3.78,1,100,375.0
20030212,62,GGBR4T,030,GGBR,PN *    N1,R$,30.73,32.51,30.72,31.69,32.21,0.0,0.0,12,3700000,117276.48
20030212,62,GGBR4T,030,GGBR,PN *    N1,R$,33.98,33.98,33.97,33.97,33.97,0.0,0.0,2,10000000,339771.32
20030212,62,GOAU4T,030,GOAU,PN *,R$,53.97,53.98,53.97,53.97,53.98,0.0,0.0,2,200000,10795.2
20030212,32,IBOVB9E,012,IBOV,IBO,R$,9000.0,9000.0,9000.0,9000.0,9000.0,0.0,0.0,4,2500,22500000.0
20030212,32,IBOVB10E,012,IBOV,IBO,R$,10000.0,10000.0,10000.0,10000.0,10000.0,0.0,0.0,8,2900,29000000.0
20030212,33,IBOVN11E,013,IBOV,IBO,R$,11000.0,11000.0,11000.0,11000.0,11000.0,0.0,0.0,17,5200,57200000.0
20030212,33,IBOVN12E,013,IBOV,IBO,R$,12000.0,12000.0,12000.0,12000.0,12000.0,0.0,0.0,2,200,2400000.0
20030212,33,IBOVN13E,013,IBOV,IBO,R$,13000.0,13000.0,13000.0,13000.0,13000.0,0.0,0.0,3,600,7800000.0
20030212,74,IBOVD10,070,IBOV,IBO,R$,1125.0,1135.0,1125.0,1133.33,1135.0,0.0,0.0,2,600,680000.0
20030212,74,IBOVD11,070,IBOV,IBO,R$,555.0,555.0,555.0,555.0,555.0,0.0,0.0,1,200,111000.0
20030212,74,IBOVD12,070,IBOV,IBO,R$,210.0,210.0,195.0,200.62,195.0,0.0,0.0,3,800,160500.0
20030212,75,IBOVP10,080,IBOV,IBO,R$,265.0,265.0,245.0,255.0,245.0,0.0,0.0,2,200,51000.0
20030212,75,IBOVP12,080,IBOV,IBO,R$,1200.0,1200.0,1200.0,1200.0,1200.0,0.0,0.0,1,300,360000.0
20030212,62,INEP4T,030,INEP,PN *,R$,0.52,0.52,0.51,0.51,0.51,0.0,0.0,2,5000000,2592.58
20030212,62,ITAU3T,030,ITAU,ON *EJ  N1,R$,152.53,152.54,152.53,152.53,152.54,0.0,0.0,2,10000,1525.35
20030212,62,ITAU4T,030,ITAU,PN *EJ  N1,R$,162.7,162.71,162.7,162.7,162.71,0.0,0.0,2,150000,24406.46
20030212,62,ITSA4T,030,ITSA,PN      N1,R$,1.91,1.92,1.91,1.91,1.92,0.0,0.0,2,5000,9559.8
20030212,62,ITSA4T,030,ITSA,PN      N1,R$,1.99,1.99,1.98,1.98,1.98,0.0,0.0,2,2000,3964.78
20030212,62,LIGH3T,030,LIGH,ON *,R$,29.69,29.69,29.68,29.68,29.68,0.0,0.0,2,670000,19888.82
20030212,62,LIGH3T,030,LIGH,ON *,R$,28.97,29.35,28.96,29.25,29.35,0.0,0.0,4,900000,26332.57
20030212,62,MEND6T,030,MEND,PNB*,R$,53.8,53.81,53.8,53.8,53.81,0.0,0.0,2,500000,26902.5
20030212,62,PETR3T,030,PETR,ON,R$,53.24,53.25,53.24,53.24,53.25,0.0,0.0,2,200,10649.97
20030212,62,PETR4T,030,PETR,PN,R$,47.51,47.88,47.18,47.36,47.88,0.0,0.0,16,36300,1719223.54
20030212,62,PETR4T,030,PETR,PN,R$,47.23,47.24,47.23,47.23,47.24,0.0,0.0,2,5000,236197.5
20030212,62,PETR4T,030,PETR,PN,R$,47.89,48.46,47.89,48.37,48.15,0.0,0.0,8,10500,507986.46
20030212,62,PETR4T,030,PETR,PN,R$,48.78,48.89,48.77,48.87,48.88,0.0,0.0,4,21300,1041017.18
20030212,62,PETR4T,030,PETR,PN,R$,49.04,49.05,49.04,49.04,49.05,0.0,0.0,2,300,14712.05
20030212,62,PETR4T,030,PETR,PN,R$,49.94,49.95,49.94,49.94,49.95,0.0,0.0,2,1500,74913.17
20030212,78,PETRB42,070,PETR,PN,R$,5.0,5.0,4.9,4.97,4.9,4.51,5.45,2,1300,6470.0
20030212,78,PETRB44,070,PETR,PN,R$,2.82,3.0,2.82,2.89,3.0,3.0,3.3,3,1700,4920.0
20030212,78,PETRB46,070,PETR,PN,R$,1.0,1.4,1.0,1.09,1.31,1.31,1.6,22,13300,14627.0
20030212,78,PETRB48,070,PETR,PN,R$,0.35,0.4,0.2,0.29,0.4,0.33,0.4,31,24100,7093.0
20030212,78,PETRB50,070,PETR,PN,R$,0.1,0.15,0.05,0.07,0.07,0.06,0.09,38,108100,8634.0
20030212,78,PETRB52,070,PETR,PN,R$,0.03,0.05,0.02,0.03,0.03,0.02,0.03,14,35300,1147.0
20030212,78,PETRD48,070,PETR,PN,R$,3.2,3.4,3.2,3.29,3.4,3.2,0.0,4,3200,10540.0
20030212,78,PETRB54,070,PETR,PN,R$,0.02,0.02,0.02,0.02,0.02,0.02,0.1,4,3300,66.0
20030212,78,PETRC46,070,PETR,PN,R$,3.1,3.15,3.1,3.11,3.15,3.2,3.5,3,3000,9350.0
20030212,78,PETRC48,070,PETR,PN,R$,2.0,2.1,1.9,2.01,2.0,1.9,2.0,27,24300,48881.0
20030212,78,PETRC50,070,PETR,PN,R$,1.08,1.2,1.0,1.08,1.1,1.1,1.2,51,38700,41844.0
20030212,78,PETRC52,070,PETR,PN,R$,0.63,0.75,0.63,0.69,0.7,0.65,0.7,36,74600,52054.0
20030212,78,PETRC54,070,PETR,PN,R$,0.38,0.44,0.35,0.39,0.43,0.35,0.43,14,20500,8005.0
20030212,78,PETRC44,070,PETR,PN,R$,4.06,4.06,4.06,4.06,4.06,4.11,0.0,1,1000,4060.0
20030212,62,PLDN4T,030,PLDN,PN *,R$,243.87,243.88,243.87,243.87,243.88,0.0,0.0,2,700000,170710.83
20030212,62,PLIM4T,030,PLIM,PN      N2,R$,0.31,0.32,0.31,0.31,0.32,0.0,0.0,2,100000,31657.2
20030212,62,PLIM4T,030,PLIM,PN      N2,R$,0.33,0.34,0.32,0.32,0.33,0.0,0.0,6,105000,33817.95
20030212,62,PLIM4T,030,PLIM,PN      N2,R$,0.33,0.34,0.33,0.33,0.34,0.0,0.0,2,50000,16910.4
20030212,78,PLIMB2,070,PLIM,PN      N2,R$,0.11,0.11,0.11,0.11,0.11,0.1,0.12,2,200000,22000.0
20030212,78,PLIMB3,070,PLIM,PN      N2,R$,0.02,0.02,0.01,0.01,0.01,0.0,0.01,18,334400,3359.0
20030212,78,PLIMC4,070,PLIM,PN      N2,R$,0.01,0.01,0.01,0.01,0.01,0.0,0.01,1,30000,300.0
20030212,78,PLIMC3,070,PLIM,PN      N2,R$,0.04,0.05,0.04,0.04,0.05,0.03,0.05,6,38000,1550.0
20030212,62,PQUN4T,030,PQUN,PN,R$,6.84,6.85,6.84,6.84,6.85,0.0,0.0,2,21500,147136.11
20030212,62,PRGA4T,030,PRGA,PN      N1,R$,10.5,10.51,10.5,10.5,10.51,0.0,0.0,4,13000,136573.96
20030212,62,PTIP4T,030,PTIP,PN *,R$,7.36,7.37,7.36,7.36,7.37,0.0,0.0,2,1500000,11052.57
20030212,62,RAPT4T,030,RAPT,PN *    N1,R$,1.08,1.09,1.08,1.08,1.09,0.0,0.0,2,50000000,54404.15
20030212,62,RHDS3T,030,RHDS,ON,R$,0.08,0.09,0.08,0.08,0.09,0.0,0.0,2,2700000,223970.4
20030212,62,RPSA4T,030,RPSA,PN      N1,R$,1.38,1.38,1.37,1.37,1.37,0.0,0.0,2,100000,137921.0
20030212,62,RPSA4T,030,RPSA,PN      N1,R$,1.4,1.41,1.4,1.4,1.41,0.0,0.0,2,11000,15430.23
20030212,62,SBSP3T,030,SBSP,ON *    NM,R$,88.42,91.34,88.42,89.07,91.34,0.0,0.0,4,900000,80167.69
20030212,62,SBSP3T,030,SBSP,ON *    NM,R$,91.68,91.69,91.68,91.68,91.69,0.0,0.0,2,3200000,293385.81
20030212,62,SBSP3T,030,SBSP,ON *    NM,R$,93.32,93.33,93.32,93.32,93.33,0.0,0.0,2,400000,37328.08
20030212,62,SDIA4T,030,SDIA,PN  EJ  N1,R$,1.21,1.21,1.2,1.2,1.2,0.0,0.0,2,20000,24026.1
20030212,62,SDIA4T,030,SDIA,PN  EJ  N1,R$,1.23,1.23,1.22,1.22,1.22,0.0,0.0,4,28000,34177.68
20030212,62,SDIA4T,030,SDIA,PN  EJ  N1,R$,1.25,1.25,1.24,1.24,1.24,0.0,0.0,2,38000,47323.68
20030212,62,SDIA4T,030,SDIA,PN  EJ  N1,R$,1.24,1.24,1.23,1.23,1.23,0.0,0.0,2,15000,18528.3
20030212,62,TCOC4T,030,TCOC,PN *,R$,4.48,4.48,4.34,4.46,4.35,0.0,0.0,6,21200000,94751.57
20030212,62,TCOC4T,030,TCOC,PN *,R$,4.53,4.54,4.53,4.53,4.54,0.0,0.0,2,10000000,45341.0
20030212,62,TCSL3T,030,TCSL,ON *,R$,1.71,1.72,1.7,1.71,1.71,0.0,0.0,4,38000000,65227.59
20030212,62,TCSL4T,030,TCSL,PN *,R$,2.43,2.44,2.43,2.43,2.44,0.0,0.0,2,300000,731.71
20030212,62,TLCP3T,030,TLCP,ON *,R$,0.45,0.46,0.45,0.45,0.46,0.0,0.0,4,120000000,54918.0
20030212,62,TMAR5T,030,TMAR,PNA*,R$,39.21,39.64,39.2,39.2,39.64,0.0,0.0,4,78800000,3089574.77
20030212,62,TMCP4T,030,TMCP,PN *,R$,2.54,2.55,2.52,2.53,2.53,0.0,0.0,8,51500000,130756.47
20030212,62,TMCP4T,030,TMCP,PN *,R$,2.6,2.6,2.58,2.59,2.59,0.0,0.0,6,400000000,1036706.53
20030212,62,TMCP4T,030,TMCP,PN *,R$,2.61,2.66,2.6,2.62,2.66,0.0,0.0,4,30000000,78774.88
20030212,62,TNCP4T,030,TNCP,PN *,R$,0.34,0.35,0.34,0.34,0.35,0.0,0.0,2,100000000,34578.0
20030212,62,TNCP4T,030,TNCP,PN *,R$,0.35,0.36,0.35,0.35,0.36,0.0,0.0,2,30000000,10585.56
20030212,62,TNEP4T,030,TNEP,PN *,R$,2.48,2.49,2.48,2.48,2.49,0.0,0.0,2,5000000,12407.4
20030212,62,TNEP4T,030,TNEP,PN *,R$,2.56,2.57,2.56,2.56,2.57,0.0,0.0,2,2500000,6420.66
20030212,62,TNLP3T,030,TNLP,ON *,R$,18.6,18.61,18.6,18.6,18.61,0.0,0.0,2,1700000,31629.0
20030212,78,TNLPB22,070,TNLP,PN *,R$,4.3,4.65,4.3,4.49,4.55,4.55,4.6,29,48600000,218513.0
20030212,78,TNLPB24,070,TNLP,PN *,R$,2.47,2.73,2.35,2.52,2.55,2.55,2.6,705,1640000000,4143940.0
20030212,78,TNLPB26,070,TNLP,PN *,R$,0.7,0.88,0.61,0.73,0.8,0.8,0.81,6009,18268300000,13407174.0
20030212,78,TNLPB28,070,TNLP,PN *,R$,0.05,0.05,0.02,0.03,0.03,0.02,0.03,345,4464300000,160035.0
20030212,78,TNLPB30,070,TNLP,PN *,R$,0.01,0.02,0.01,0.01,0.01,0.0,0.01,111,2907300000,29287.0
20030212,78,TNLPB32,070,TNLP,PN *,R$,0.01,0.01,0.01,0.01,0.01,0.0,0.01,4,22500000,225.0
20030212,62,TNLP4T,030,TNLP,PN *,R$,25.88,25.89,25.74,25.85,25.74,0.0,0.0,4,3700000,95666.13
20030212,62,TNLP4T,030,TNLP,PN *,R$,26.36,26.37,26.23,26.28,26.24,0.0,0.0,4,6200000,162978.3
20030212,78,TNLPC26,070,TNLP,PN *,R$,1.1,1.13,0.98,1.05,1.05,1.05,1.06,1470,4246700000,4499476.0
20030212,78,TNLPC28,070,TNLP,PN *,R$,0.41,0.43,0.38,0.4,0.4,0.4,0.41,1031,4005000000,1616972.0
20030212,78,TNLPC30,070,TNLP,PN *,R$,0.15,0.16,0.13,0.14,0.14,0.14,0.15,376,1728400000,253157.0
20030212,78,TNLPC32,070,TNLP,PN *,R$,0.05,0.06,0.04,0.05,0.06,0.05,0.06,65,187200000,10250.0
20030212,78,TNLPC24,070,TNLP,PN *,R$,2.2,2.38,2.06,2.25,2.26,2.26,2.32,307,670400000,1510824.0
20030212,78,TNLPC22,070,TNLP,PN *,R$,3.9,4.0,3.75,3.87,3.95,3.75,4.0,34,45100000,174673.0
20030212,62,TRPL4T,030,TRPL,PN *    N1,R$,5.39,5.4,5.39,5.39,5.4,0.0,0.0,2,3028400,16326.58
20030212,62,TRPL4T,030,TRPL,PN *    N1,R$,5.42,5.43,5.42,5.42,5.43,0.0,0.0,4,3737999,20276.48
20030212,62,TSPP3T,030,TSPP,ON *,R$,3.64,3.64,3.63,3.63,3.63,0.0,0.0,2,2000000,7266.0
20030212,38,TSPPB2E,012,TSPP,PN *,R$,3.0,3.0,3.0,3.0,3.0,0.0,0.0,1,1000000,3000.0
20030212,62,TSPP4T,030,TSPP,PN *,R$,3.54,3.55,3.47,3.52,3.52,0.0,0.0,47,434700000,1532107.16
20030212,62,TSPP4T,030,TSPP,PN *,R$,3.55,3.56,3.55,3.55,3.56,0.0,0.0,2,150000000,533901.6
20030212,62,TSPP4T,030,TSPP,PN *,R$,3.59,3.6,3.56,3.57,3.6,0.0,0.0,12,84100000,301071.52
20030212,62,TSPP4T,030,TSPP,PN *,R$,3.61,3.61,3.6,3.6,3.6,0.0,0.0,2,500000,1800.93
20030212,62,TSPP4T,030,TSPP,PN *,R$,3.57,3.58,3.57,3.57,3.58,0.0,0.0,2,1000000,3571.06
20030212,62,TSPP4T,030,TSPP,PN *,R$,3.67,3.67,3.66,3.66,3.67,0.0,0.0,4,41000000,150354.05
20030212,78,TSPPB3,070,TSPP,PN *,R$,0.18,0.22,0.16,0.19,0.21,0.16,0.21,26,14300000,2769.0
20030212,78,TSPPB4,070,TSPP,PN *,R$,0.03,0.03,0.02,0.02,0.02,0.02,0.03,29,292800000,7458.0
20030212,78,TSPPB5,070,TSPP,PN *,R$,0.01,0.01,0.01,0.01,0.01,0.0,0.01,3,10500000,105.0
20030212,78,TSPPL40,070,TSPP,PN *,R$,1.31,1.31,1.3,1.3,1.3,1.3,1.4,3,5000000,6505.0
20030212,78,TSPPC39,070,TSPP,PN *,R$,0.08,0.09,0.08,0.08,0.09,0.08,0.09,14,55500000,4930.0
20030212,78,TSPPC36,070,TSPP,PN *,R$,0.19,0.2,0.16,0.18,0.19,0.17,0.19,30,74800000,13567.0
20030212,78,TSPPC33,070,TSPP,PN *,R$,0.36,0.36,0.36,0.36,0.36,0.35,0.37,5,7000000,2520.0
20030212,78,TSPPC30,070,TSPP,PN *,R$,0.59,0.59,0.57,0.58,0.57,0.55,0.6,3,6000000,3480.0
20030212,62,UBBR4T,030,UBBR,PN *    N1,R$,35.28,35.29,35.28,35.28,35.29,0.0,0.0,2,400000,14114.08
20030212,62,UNIP6T,030,UNIP,PNB,R$,1.02,1.03,1.02,1.02,1.03,0.0,0.0,2,6000,6164.53
20030212,62,UNIP6T,030,UNIP,PNB,R$,1.06,1.07,1.05,1.05,1.06,0.0,0.0,6,313000,330253.01
20030212,62,USIM5T,030,USIM,PNA,R$,7.79,7.79,7.78,7.78,7.78,0.0,0.0,2,6000,46689.48
20030212,62,USIM5T,030,USIM,PNA,R$,8.1,8.11,8.1,8.1,8.11,0.0,0.0,2,300,2432.16
20030212,62,VAGV4T,030,VAGV,PN      N1,R$,1.0,1.01,1.0,1.0,1.01,0.0,0.0,2,15000,15062.25
20030212,62,VALE5T,030,VALE,PNA,R$,101.93,101.94,101.93,101.93,101.94,0.0,0.0,2,1000,101933.46
